{
    "a": 0.004085424821823835,
    "b": -0.0668346956372261,
    "c": 611.159423828125,
    "rmse_mm": 9.759596824645996,
    "valid_ratio": 0.8970930989583333,
    "width": 640,
    "height": 480
}